[
  {
    "text": "3분기",
    "value": 4980
  },
  {
    "text": "연합뉴스",
    "value": 4032
  },
  {
    "text": "뉴스1",
    "value": 3898
  },
  {
    "text": "요소수",
    "value": 3722
  },
  {
    "text": "이데일리",
    "value": 3546
  },
  {
    "text": "뉴시스",
    "value": 3416
  },
  {
    "text": "서울경제",
    "value": 2909
  },
  {
    "text": "코스피",
    "value": 2610
  },
  {
    "text": "코로나19",
    "value": 2397
  },
  {
    "text": "2021",
    "value": 2317
  },
  {
    "text": "글로벌",
    "value": 1795
  },
  {
    "text": "영업이익",
    "value": 1752
  },
  {
    "text": "기사내용",
    "value": 1718
  },
  {
    "text": "반도체",
    "value": 1653
  },
  {
    "text": "었습니다",
    "value": 1618
  },
  {
    "text": "11월",
    "value": 1601
  },
  {
    "text": "삼성전자",
    "value": 1567
  },
  {
    "text": "ㅂ니다",
    "value": 1473
  },
  {
    "text": "가운데",
    "value": 1417
  },
  {
    "text": "아파트",
    "value": 1396
  },
  {
    "text": "파이낸셜뉴스",
    "value": 1340
  },
  {
    "text": "서비스",
    "value": 1253
  },
  {
    "text": "플랫폼",
    "value": 1234
  },
  {
    "text": "코스닥",
    "value": 1227
  },
  {
    "text": "브랜드",
    "value": 1224
  },
  {
    "text": "KBS",
    "value": 1185
  },
  {
    "text": "10월",
    "value": 1121
  },
  {
    "text": "부동산",
    "value": 1076
  },
  {
    "text": "12일",
    "value": 1045
  },
  {
    "text": "온라인",
    "value": 971
  },
  {
    "text": "15일",
    "value": 969
  },
  {
    "text": "영업익",
    "value": 959
  },
  {
    "text": "지난해",
    "value": 948
  },
  {
    "text": "ESG",
    "value": 941
  },
  {
    "text": "전기차",
    "value": 930
  },
  {
    "text": "22일",
    "value": 898
  },
  {
    "text": "29일",
    "value": 876
  },
  {
    "text": "19일",
    "value": 871
  },
  {
    "text": "단계적",
    "value": 856
  },
  {
    "text": "2021년",
    "value": 856
  },
  {
    "text": "메타버스",
    "value": 849
  },
  {
    "text": "25일",
    "value": 845
  },
  {
    "text": "11일",
    "value": 819
  },
  {
    "text": "부회장",
    "value": 808
  },
  {
    "text": "18일",
    "value": 794
  },
  {
    "text": "28일",
    "value": 791
  },
  {
    "text": "카카오페이",
    "value": 787
  },
  {
    "text": "배터리",
    "value": 784
  },
  {
    "text": "헤럴드경제",
    "value": 755
  },
  {
    "text": "17일",
    "value": 751
  },
  {
    "text": "이재용",
    "value": 751
  },
  {
    "text": "일상회복",
    "value": 749
  },
  {
    "text": "종부세",
    "value": 740
  },
  {
    "text": "유류세",
    "value": 720
  },
  {
    "text": "26일",
    "value": 719
  },
  {
    "text": "홍남기",
    "value": 717
  },
  {
    "text": "10일",
    "value": 716
  },
  {
    "text": "습니다",
    "value": 702
  },
  {
    "text": "16일",
    "value": 694
  },
  {
    "text": "디지털",
    "value": 682
  },
  {
    "text": "테슬라",
    "value": 680
  },
  {
    "text": "김부겸",
    "value": 675
  },
  {
    "text": "스타트업",
    "value": 662
  },
  {
    "text": "27일",
    "value": 659
  },
  {
    "text": "주유소",
    "value": 658
  },
  {
    "text": "나타나",
    "value": 657
  },
  {
    "text": "지난달",
    "value": 655
  },
  {
    "text": "친환경",
    "value": 646
  },
  {
    "text": "전년比",
    "value": 620
  },
  {
    "text": "소상공",
    "value": 612
  },
  {
    "text": "차량용",
    "value": 589
  },
  {
    "text": "현대차",
    "value": 579
  },
  {
    "text": "업무협약",
    "value": 578
  },
  {
    "text": "이재명",
    "value": 571
  },
  {
    "text": "산업통상자원부",
    "value": 563
  },
  {
    "text": "경향신문",
    "value": 556
  },
  {
    "text": "공급망",
    "value": 551
  },
  {
    "text": "탄소중립",
    "value": 551
  },
  {
    "text": "대통령",
    "value": 549
  },
  {
    "text": "수도권",
    "value": 547
  },
  {
    "text": "기획재정부",
    "value": 538
  },
  {
    "text": "대표이사",
    "value": 530
  },
  {
    "text": "금융당국",
    "value": 503
  },
  {
    "text": "매출액",
    "value": 501
  },
  {
    "text": "선보이",
    "value": 500
  },
  {
    "text": "NFT",
    "value": 500
  },
  {
    "text": "이벤트",
    "value": 496
  },
  {
    "text": "14일",
    "value": 495
  },
  {
    "text": "중소기업",
    "value": 482
  },
  {
    "text": "대한민국",
    "value": 473
  },
  {
    "text": "상승세",
    "value": 467
  },
  {
    "text": "최태원",
    "value": 467
  },
  {
    "text": "23일",
    "value": 464
  },
  {
    "text": "하나은행",
    "value": 459
  },
  {
    "text": "기업들",
    "value": 458
  },
  {
    "text": "CEO",
    "value": 455
  },
  {
    "text": "휘발유",
    "value": 452
  },
  {
    "text": "코로나바이러스",
    "value": 446
  },
  {
    "text": "연결기준",
    "value": 444
  },
  {
    "text": "한국거래소",
    "value": 442
  },
  {
    "text": "자회사",
    "value": 438
  },
  {
    "text": "감염증",
    "value": 437
  },
  {
    "text": "네이버",
    "value": 431
  },
  {
    "text": "국토교통부",
    "value": 427
  },
  {
    "text": "베트남",
    "value": 425
  },
  {
    "text": "ETF",
    "value": 425
  },
  {
    "text": "현지시간",
    "value": 423
  },
  {
    "text": "SK하이닉스",
    "value": 420
  },
  {
    "text": "비트코",
    "value": 412
  },
  {
    "text": "31일",
    "value": 410
  },
  {
    "text": "국무총리",
    "value": 407
  },
  {
    "text": "일자리",
    "value": 404
  },
  {
    "text": "오피스텔",
    "value": 403
  },
  {
    "text": "아ㅂ니다",
    "value": 397
  },
  {
    "text": "12월",
    "value": 390
  },
  {
    "text": "자동차",
    "value": 389
  },
  {
    "text": "치료제",
    "value": 387
  },
  {
    "text": "10년",
    "value": 386
  },
  {
    "text": "에너지",
    "value": 385
  },
  {
    "text": "우리나라",
    "value": 382
  },
  {
    "text": "이마트",
    "value": 380
  },
  {
    "text": "100",
    "value": 379
  },
  {
    "text": "고승범",
    "value": 378
  },
  {
    "text": "간담회",
    "value": 376
  },
  {
    "text": "다음달",
    "value": 376
  },
  {
    "text": "4분기",
    "value": 373
  },
  {
    "text": "IPO",
    "value": 366
  },
  {
    "text": "21일",
    "value": 365
  },
  {
    "text": "위드코로",
    "value": 361
  },
  {
    "text": "더불어민주당",
    "value": 357
  },
  {
    "text": "가계대출",
    "value": 355
  },
  {
    "text": "금융위원장",
    "value": 349
  },
  {
    "text": "포스코",
    "value": 348
  },
  {
    "text": "소비자",
    "value": 347
  },
  {
    "text": "대출금리",
    "value": 346
  },
  {
    "text": "금융위원회",
    "value": 345
  },
  {
    "text": "었지만",
    "value": 343
  },
  {
    "text": "가능성",
    "value": 343
  },
  {
    "text": "강남구",
    "value": 337
  },
  {
    "text": "종합부동산세",
    "value": 336
  },
  {
    "text": "인공지능",
    "value": 335
  },
  {
    "text": "콘텐츠",
    "value": 335
  },
  {
    "text": "전문기업",
    "value": 334
  },
  {
    "text": "프로젝트",
    "value": 333
  },
  {
    "text": "시스템",
    "value": 331
  },
  {
    "text": "계열사",
    "value": 331
  },
  {
    "text": "경쟁률",
    "value": 327
  },
  {
    "text": "캠페인",
    "value": 324
  },
  {
    "text": "MOU",
    "value": 324
  },
  {
    "text": "순매수",
    "value": 322
  },
  {
    "text": "최고치",
    "value": 320
  },
  {
    "text": "확진자",
    "value": 318
  },
  {
    "text": "활성화",
    "value": 317
  },
  {
    "text": "영업손실",
    "value": 316
  },
  {
    "text": "프리미엄",
    "value": 314
  },
  {
    "text": "공정위",
    "value": 313
  },
  {
    "text": "기념식",
    "value": 312
  },
  {
    "text": "인터넷",
    "value": 311
  },
  {
    "text": "대규모",
    "value": 310
  },
  {
    "text": "2022년",
    "value": 310
  },
  {
    "text": "순이익",
    "value": 305
  },
  {
    "text": "머스크",
    "value": 305
  },
  {
    "text": "재건축",
    "value": 304
  },
  {
    "text": "외국인",
    "value": 304
  },
  {
    "text": "공정거래위원회",
    "value": 301
  },
  {
    "text": "손실보상",
    "value": 297
  },
  {
    "text": "관련해",
    "value": 297
  },
  {
    "text": "기대감",
    "value": 296
  },
  {
    "text": "고지서",
    "value": 294
  },
  {
    "text": "본격적",
    "value": 293
  },
  {
    "text": "경쟁력",
    "value": 293
  },
  {
    "text": "한국은행",
    "value": 291
  },
  {
    "text": "중소벤처기업부",
    "value": 290
  },
  {
    "text": "특파원",
    "value": 290
  },
  {
    "text": "원자재",
    "value": 289
  },
  {
    "text": "거래소",
    "value": 289
  },
  {
    "text": "롯데백화점",
    "value": 289
  },
  {
    "text": "하반기",
    "value": 284
  },
  {
    "text": "가상자산",
    "value": 281
  },
  {
    "text": "시상식",
    "value": 280
  },
  {
    "text": "전년비",
    "value": 278
  },
  {
    "text": "코엑스",
    "value": 278
  },
  {
    "text": "코리아",
    "value": 277
  },
  {
    "text": "ㄴ다는",
    "value": 276
  },
  {
    "text": "정의선",
    "value": 276
  },
  {
    "text": "에서는",
    "value": 273
  },
  {
    "text": "부총리",
    "value": 268
  },
  {
    "text": "서울시",
    "value": 267
  },
  {
    "text": "남양유업",
    "value": 265
  },
  {
    "text": "국세청",
    "value": 265
  },
  {
    "text": "편의점",
    "value": 263
  },
  {
    "text": "아파트값",
    "value": 263
  },
  {
    "text": "30일",
    "value": 262
  },
  {
    "text": "세계적",
    "value": 261
  },
  {
    "text": "기준금리",
    "value": 260
  },
  {
    "text": "었는데",
    "value": 260
  },
  {
    "text": "인플레이션",
    "value": 259
  },
  {
    "text": "넘어서",
    "value": 259
  },
  {
    "text": "6개월",
    "value": 259
  },
  {
    "text": "사전청약",
    "value": 258
  },
  {
    "text": "증권사",
    "value": 255
  },
  {
    "text": "카카오",
    "value": 254
  },
  {
    "text": "현대자동차",
    "value": 254
  },
  {
    "text": "대한상공회의소",
    "value": 253
  },
  {
    "text": "이사장",
    "value": 253
  },
  {
    "text": "MARKETPOINT",
    "value": 252
  },
  {
    "text": "롯데호텔",
    "value": 252
  },
  {
    "text": "잇따르",
    "value": 251
  },
  {
    "text": "었다고",
    "value": 251
  },
  {
    "text": "제일제당",
    "value": 251
  },
  {
    "text": "네트워크",
    "value": 250
  },
  {
    "text": "신한은행",
    "value": 250
  },
  {
    "text": "환경부",
    "value": 250
  },
  {
    "text": "아시아",
    "value": 248
  },
  {
    "text": "1조원",
    "value": 248
  },
  {
    "text": "데이터",
    "value": 247
  },
  {
    "text": "노태우",
    "value": 245
  },
  {
    "text": "셀트리온",
    "value": 245
  },
  {
    "text": "서초구",
    "value": 244
  },
  {
    "text": "농협은행",
    "value": 244
  },
  {
    "text": "금감원",
    "value": 243
  },
  {
    "text": "차세대",
    "value": 243
  },
  {
    "text": "윤석열",
    "value": 240
  },
  {
    "text": "은행권",
    "value": 240
  },
  {
    "text": "우리금융",
    "value": 239
  },
  {
    "text": "상승률",
    "value": 239
  },
  {
    "text": "가계부채",
    "value": 239
  },
  {
    "text": "투자자",
    "value": 236
  },
  {
    "text": "기업은행",
    "value": 235
  },
  {
    "text": "마케팅",
    "value": 235
  },
  {
    "text": "유상증자",
    "value": 234
  },
  {
    "text": "로부터",
    "value": 233
  },
  {
    "text": "암호화폐",
    "value": 233
  },
  {
    "text": "마이데이터",
    "value": 232
  },
  {
    "text": "신세계",
    "value": 230
  },
  {
    "text": "인플레",
    "value": 230
  },
  {
    "text": "본격화",
    "value": 229
  },
  {
    "text": "에서도",
    "value": 229
  },
  {
    "text": "상반기",
    "value": 228
  },
  {
    "text": "지배구조",
    "value": 228
  },
  {
    "text": "금융위",
    "value": 228
  },
  {
    "text": "장기화",
    "value": 228
  },
  {
    "text": "공모주",
    "value": 226
  },
  {
    "text": "솔루션",
    "value": 225
  },
  {
    "text": "뉴욕증시",
    "value": 224
  },
  {
    "text": "시민들",
    "value": 223
  },
  {
    "text": "문승욱",
    "value": 221
  },
  {
    "text": "대한항공",
    "value": 221
  },
  {
    "text": "파운드",
    "value": 220
  },
  {
    "text": "사모펀드",
    "value": 219
  },
  {
    "text": "당기순이익",
    "value": 219
  },
  {
    "text": "재난지원금",
    "value": 215
  },
  {
    "text": "LNG",
    "value": 214
  },
  {
    "text": "인사말",
    "value": 214
  },
  {
    "text": "신용대출",
    "value": 213
  },
  {
    "text": "백화점",
    "value": 213
  },
  {
    "text": "딜링룸",
    "value": 212
  },
  {
    "text": "현대차그룹",
    "value": 212
  },
  {
    "text": "13일",
    "value": 212
  },
  {
    "text": "고병원성",
    "value": 211
  },
  {
    "text": "이사회",
    "value": 211
  },
  {
    "text": "프랜차이즈",
    "value": 211
  },
  {
    "text": "거래일",
    "value": 210
  },
  {
    "text": "었다는",
    "value": 207
  },
  {
    "text": "금융감독원",
    "value": 207
  },
  {
    "text": "현대건설",
    "value": 207
  },
  {
    "text": "IBK",
    "value": 206
  },
  {
    "text": "블록체",
    "value": 206
  },
  {
    "text": "3000",
    "value": 205
  },
  {
    "text": "정은보",
    "value": 202
  },
  {
    "text": "프로그램",
    "value": 202
  },
  {
    "text": "대선후보",
    "value": 202
  },
  {
    "text": "스마트",
    "value": 201
  },
  {
    "text": "국토부",
    "value": 200
  },
  {
    "text": "해양수산부",
    "value": 200
  },
  {
    "text": "화물차",
    "value": 199
  },
  {
    "text": "엔씨소프트",
    "value": 198
  },
  {
    "text": "수익률",
    "value": 198
  },
  {
    "text": "다양한",
    "value": 197
  },
  {
    "text": "태양광",
    "value": 197
  },
  {
    "text": "기재부",
    "value": 196
  },
  {
    "text": "대기업",
    "value": 196
  },
  {
    "text": "생태계",
    "value": 195
  },
  {
    "text": "권칠승",
    "value": 194
  },
  {
    "text": "전광판",
    "value": 194
  },
  {
    "text": "임직원",
    "value": 194
  },
  {
    "text": "카카오뱅크",
    "value": 193
  },
  {
    "text": "송파구",
    "value": 192
  },
  {
    "text": "최고경영자",
    "value": 192
  },
  {
    "text": "종로구",
    "value": 192
  },
  {
    "text": "마무리",
    "value": 191
  },
  {
    "text": "국민은행",
    "value": 189
  },
  {
    "text": "기업공개",
    "value": 188
  },
  {
    "text": "산업용",
    "value": 188
  },
  {
    "text": "경제부총리",
    "value": 187
  },
  {
    "text": "금융권",
    "value": 186
  },
  {
    "text": "소상공인",
    "value": 186
  },
  {
    "text": "코리아세일페스타",
    "value": 186
  },
  {
    "text": "위치한",
    "value": 185
  },
  {
    "text": "신한카드",
    "value": 184
  },
  {
    "text": "가상화폐",
    "value": 183
  },
  {
    "text": "크래프톤",
    "value": 183
  },
  {
    "text": "국고채",
    "value": 183
  },
  {
    "text": "모빌리티",
    "value": 182
  },
  {
    "text": "디자인",
    "value": 182
  },
  {
    "text": "넷플릭스",
    "value": 182
  },
  {
    "text": "오프라",
    "value": 182
  },
  {
    "text": "역대급",
    "value": 182
  },
  {
    "text": "국민의힘",
    "value": 181
  },
  {
    "text": "미래에셋증권",
    "value": 181
  },
  {
    "text": "전년동기대비",
    "value": 181
  },
  {
    "text": "과징금",
    "value": 180
  },
  {
    "text": "GS건설",
    "value": 180
  },
  {
    "text": "여전히",
    "value": 180
  },
  {
    "text": "대장동",
    "value": 179
  },
  {
    "text": "전세대출",
    "value": 179
  },
  {
    "text": "현대자동차그룹",
    "value": 178
  },
  {
    "text": "이번주",
    "value": 178
  },
  {
    "text": "화장품",
    "value": 178
  },
  {
    "text": "이노베이션",
    "value": 178
  },
  {
    "text": "10명",
    "value": 178
  },
  {
    "text": "중국발",
    "value": 177
  },
  {
    "text": "다가오",
    "value": 175
  },
  {
    "text": "세종시",
    "value": 173
  },
  {
    "text": "제네시스",
    "value": 173
  },
  {
    "text": "다주택자",
    "value": 173
  },
  {
    "text": "리ㄴ다",
    "value": 172
  },
  {
    "text": "공모전",
    "value": 172
  },
  {
    "text": "여한구",
    "value": 172
  },
  {
    "text": "자율주행",
    "value": 171
  },
  {
    "text": "사업자",
    "value": 170
  },
  {
    "text": "하락세",
    "value": 169
  },
  {
    "text": "일제히",
    "value": 169
  },
  {
    "text": "주택담보대출",
    "value": 169
  },
  {
    "text": "부사장",
    "value": 169
  },
  {
    "text": "20일",
    "value": 169
  },
  {
    "text": "직원들",
    "value": 169
  },
  {
    "text": "주담대",
    "value": 168
  },
  {
    "text": "삼성SDI",
    "value": 168
  },
  {
    "text": "물류대란",
    "value": 168
  },
  {
    "text": "통계청",
    "value": 167
  },
  {
    "text": "한국씨티은행",
    "value": 167
  },
  {
    "text": "위메이드",
    "value": 166
  },
  {
    "text": "인프라",
    "value": 166
  },
  {
    "text": "아마존",
    "value": 166
  },
  {
    "text": "수수료",
    "value": 166
  },
  {
    "text": "노형욱",
    "value": 165
  },
  {
    "text": "2030년",
    "value": 165
  },
  {
    "text": "김장철",
    "value": 165
  },
  {
    "text": "2022",
    "value": 164
  },
  {
    "text": "우리금융지주",
    "value": 164
  },
  {
    "text": "가까이",
    "value": 163
  },
  {
    "text": "우리은행",
    "value": 163
  },
  {
    "text": "오징어",
    "value": 163
  },
  {
    "text": "최대주주",
    "value": 162
  },
  {
    "text": "증거금",
    "value": 162
  },
  {
    "text": "마지막",
    "value": 161
  },
  {
    "text": "겠다는",
    "value": 160
  },
  {
    "text": "제2차",
    "value": 160
  },
  {
    "text": "코로나",
    "value": 160
  },
  {
    "text": "텔레콤",
    "value": 160
  },
  {
    "text": "프로모션",
    "value": 160
  },
  {
    "text": "롯데정밀화학",
    "value": 159
  },
  {
    "text": "사회적",
    "value": 159
  },
  {
    "text": "SKC",
    "value": 156
  },
  {
    "text": "재개발",
    "value": 156
  },
  {
    "text": "헬스케어",
    "value": 156
  },
  {
    "text": "청년희망ON",
    "value": 155
  },
  {
    "text": "리스크",
    "value": 155
  },
  {
    "text": "정규직",
    "value": 155
  },
  {
    "text": "고공행진",
    "value": 155
  },
  {
    "text": "초과세수",
    "value": 154
  },
  {
    "text": "소비자물가",
    "value": 153
  },
  {
    "text": "나혜윤",
    "value": 153
  },
  {
    "text": "고용노동부",
    "value": 152
  },
  {
    "text": "판매량",
    "value": 152
  },
  {
    "text": "으로부터",
    "value": 152
  },
  {
    "text": "코스피지수",
    "value": 152
  },
  {
    "text": "신제품",
    "value": 151
  },
  {
    "text": "크리스마스",
    "value": 151
  },
  {
    "text": "투자자들",
    "value": 150
  },
  {
    "text": "유준하",
    "value": 150
  },
  {
    "text": "디어유",
    "value": 149
  },
  {
    "text": "생산량",
    "value": 149
  },
  {
    "text": "프랑스",
    "value": 148
  },
  {
    "text": "시가총액",
    "value": 148
  },
  {
    "text": "두산건설",
    "value": 148
  },
  {
    "text": "성장세",
    "value": 148
  },
  {
    "text": "상장사",
    "value": 147
  },
  {
    "text": "서울대",
    "value": 147
  },
  {
    "text": "대부분",
    "value": 147
  },
  {
    "text": "농협중앙회",
    "value": 146
  },
  {
    "text": "리비안",
    "value": 146
  },
  {
    "text": "신격호",
    "value": 146
  },
  {
    "text": "교촌치킨",
    "value": 146
  },
  {
    "text": "컨퍼런스",
    "value": 146
  },
  {
    "text": "한국토지주택공사",
    "value": 145
  },
  {
    "text": "2025년",
    "value": 145
  },
  {
    "text": "상승폭",
    "value": 145
  },
  {
    "text": "자영업자",
    "value": 145
  },
  {
    "text": "에너지솔루션",
    "value": 145
  },
  {
    "text": "유가증권",
    "value": 145
  },
  {
    "text": "근로자",
    "value": 144
  },
  {
    "text": "상장지수펀드",
    "value": 144
  },
  {
    "text": "제조업",
    "value": 144
  },
  {
    "text": "정부서울청사",
    "value": 143
  },
  {
    "text": "이른바",
    "value": 142
  },
  {
    "text": "이재준",
    "value": 141
  },
  {
    "text": "특징주",
    "value": 141
  },
  {
    "text": "흑자전환",
    "value": 141
  },
  {
    "text": "유통업계",
    "value": 140
  },
  {
    "text": "DJSI",
    "value": 140
  },
  {
    "text": "증가세",
    "value": 140
  },
  {
    "text": "농산물",
    "value": 140
  },
  {
    "text": "비트코인",
    "value": 140
  },
  {
    "text": "시중은행",
    "value": 139
  },
  {
    "text": "포인트",
    "value": 139
  },
  {
    "text": "전문가들",
    "value": 139
  },
  {
    "text": "권효중",
    "value": 139
  },
  {
    "text": "스마트폰",
    "value": 139
  },
  {
    "text": "신도시",
    "value": 138
  },
  {
    "text": "싱가포르",
    "value": 138
  },
  {
    "text": "종합검사",
    "value": 138
  },
  {
    "text": "2023년",
    "value": 138
  },
  {
    "text": "LG유플러스",
    "value": 137
  },
  {
    "text": "제주항공",
    "value": 137
  },
  {
    "text": "어린이",
    "value": 137
  },
  {
    "text": "은행들",
    "value": 137
  },
  {
    "text": "스타벅스",
    "value": 136
  },
  {
    "text": "코스닥시장",
    "value": 136
  },
  {
    "text": "2조원",
    "value": 136
  },
  {
    "text": "희망퇴직",
    "value": 136
  },
  {
    "text": "산업부",
    "value": 136
  },
  {
    "text": "맞춤형",
    "value": 135
  },
  {
    "text": "이베이코리아",
    "value": 135
  },
  {
    "text": "유튜브",
    "value": 135
  },
  {
    "text": "분양가",
    "value": 135
  },
  {
    "text": "리모델링",
    "value": 135
  },
  {
    "text": "아ㄴ다",
    "value": 135
  },
  {
    "text": "위원장",
    "value": 134
  },
  {
    "text": "세미나",
    "value": 134
  },
  {
    "text": "통상교섭본부장",
    "value": 134
  },
  {
    "text": "전세계",
    "value": 133
  },
  {
    "text": "국제선",
    "value": 133
  },
  {
    "text": "증권부",
    "value": 132
  },
  {
    "text": "페스타",
    "value": 132
  },
  {
    "text": "SUV",
    "value": 132
  },
  {
    "text": "에디슨모터스",
    "value": 131
  },
  {
    "text": "그동안",
    "value": 131
  },
  {
    "text": "인터내셔널",
    "value": 131
  },
  {
    "text": "업체들",
    "value": 131
  },
  {
    "text": "수험생",
    "value": 131
  },
  {
    "text": "경영권",
    "value": 131
  },
  {
    "text": "부스터샷",
    "value": 131
  },
  {
    "text": "드라마",
    "value": 131
  },
  {
    "text": "조용병",
    "value": 131
  },
  {
    "text": "권영수",
    "value": 131
  },
  {
    "text": "대출규제",
    "value": 131
  },
  {
    "text": "패키지",
    "value": 131
  },
  {
    "text": "경진대회",
    "value": 130
  },
  {
    "text": "어려움",
    "value": 130
  },
  {
    "text": "머니투데이",
    "value": 129
  },
  {
    "text": "중견기업",
    "value": 129
  },
  {
    "text": "KAI",
    "value": 129
  },
  {
    "text": "KDI",
    "value": 129
  },
  {
    "text": "삼성증권",
    "value": 129
  },
  {
    "text": "쌍용차",
    "value": 129
  },
  {
    "text": "이나영",
    "value": 128
  },
  {
    "text": "손실보상금",
    "value": 128
  },
  {
    "text": "삼성물산",
    "value": 128
  },
  {
    "text": "현대백화점",
    "value": 128
  },
  {
    "text": "KTB",
    "value": 128
  },
  {
    "text": "성공적",
    "value": 128
  },
  {
    "text": "000",
    "value": 128
  },
  {
    "text": "SNS",
    "value": 127
  },
  {
    "text": "위중증",
    "value": 127
  },
  {
    "text": "롯데케미칼",
    "value": 127
  },
  {
    "text": "함께하",
    "value": 127
  },
  {
    "text": "국내외",
    "value": 126
  },
  {
    "text": "사실상",
    "value": 126
  },
  {
    "text": "ENM",
    "value": 126
  },
  {
    "text": "대상자",
    "value": 125
  },
  {
    "text": "청소년",
    "value": 125
  },
  {
    "text": "중소기업중앙회",
    "value": 125
  },
  {
    "text": "카드사",
    "value": 125
  },
  {
    "text": "이스타항공",
    "value": 125
  },
  {
    "text": "중국산",
    "value": 125
  },
  {
    "text": "분위기",
    "value": 124
  },
  {
    "text": "대형마트",
    "value": 124
  },
  {
    "text": "광주시",
    "value": 124
  },
  {
    "text": "과학기술정보통신부",
    "value": 124
  },
  {
    "text": "OLED",
    "value": 124
  },
  {
    "text": "금리인상",
    "value": 124
  },
  {
    "text": "the",
    "value": 124
  },
  {
    "text": "해외주식",
    "value": 123
  },
  {
    "text": "전략적",
    "value": 123
  },
  {
    "text": "UAM",
    "value": 123
  },
  {
    "text": "농림축산식품부",
    "value": 123
  },
  {
    "text": "예산안",
    "value": 123
  },
  {
    "text": "대우건설",
    "value": 123
  },
  {
    "text": "산업은행",
    "value": 123
  },
  {
    "text": "최대폭",
    "value": 122
  },
  {
    "text": "고객들",
    "value": 121
  },
  {
    "text": "금융사",
    "value": 121
  },
  {
    "text": "투자하",
    "value": 121
  },
  {
    "text": "HUG",
    "value": 121
  },
  {
    "text": "움직이",
    "value": 121
  },
  {
    "text": "HMM",
    "value": 121
  },
  {
    "text": "24일",
    "value": 121
  },
  {
    "text": "대한통운",
    "value": 121
  },
  {
    "text": "삼성바이오로직스",
    "value": 121
  },
  {
    "text": "한국조선해양",
    "value": 121
  },
  {
    "text": "유가증권시장",
    "value": 121
  },
  {
    "text": "가파르",
    "value": 120
  },
  {
    "text": "대한상",
    "value": 120
  },
  {
    "text": "면세점",
    "value": 120
  },
  {
    "text": "올레드",
    "value": 120
  },
  {
    "text": "먹거리",
    "value": 120
  },
  {
    "text": "취약계층",
    "value": 119
  },
  {
    "text": "증권시장부",
    "value": 119
  },
  {
    "text": "떠오르",
    "value": 119
  },
  {
    "text": "신세계그룹",
    "value": 119
  },
  {
    "text": "자사주",
    "value": 119
  },
  {
    "text": "거래량",
    "value": 118
  },
  {
    "text": "해수부",
    "value": 118
  },
  {
    "text": "DSR",
    "value": 118
  },
  {
    "text": "3개월",
    "value": 118
  },
  {
    "text": "출장길",
    "value": 118
  },
  {
    "text": "창업주",
    "value": 118
  },
  {
    "text": "고양시",
    "value": 117
  },
  {
    "text": "박람회",
    "value": 117
  },
  {
    "text": "인도네시아",
    "value": 117
  },
  {
    "text": "전셋값",
    "value": 117
  },
  {
    "text": "팬데믹",
    "value": 117
  },
  {
    "text": "스포츠경향",
    "value": 117
  },
  {
    "text": "비즈니스",
    "value": 117
  },
  {
    "text": "제조업체",
    "value": 117
  },
  {
    "text": "으면서",
    "value": 117
  },
  {
    "text": "아시아나항공",
    "value": 116
  },
  {
    "text": "수요예측",
    "value": 116
  },
  {
    "text": "지원금",
    "value": 116
  },
  {
    "text": "전환사채",
    "value": 115
  },
  {
    "text": "신입사원",
    "value": 115
  },
  {
    "text": "베이징",
    "value": 115
  },
  {
    "text": "부산시",
    "value": 115
  },
  {
    "text": "사라지",
    "value": 115
  },
  {
    "text": "소비자들",
    "value": 115
  },
  {
    "text": "영등포구",
    "value": 115
  },
  {
    "text": "공급난",
    "value": 115
  },
  {
    "text": "퇴직연금",
    "value": 115
  },
  {
    "text": "플라스틱",
    "value": 115
  },
  {
    "text": "한국무역협회",
    "value": 115
  },
  {
    "text": "한국의",
    "value": 114
  },
  {
    "text": "수급난",
    "value": 114
  },
  {
    "text": "조류인플루엔자",
    "value": 114
  },
  {
    "text": "홍원식",
    "value": 114
  },
  {
    "text": "카카오게임즈",
    "value": 114
  },
  {
    "text": "정병혁",
    "value": 113
  },
  {
    "text": "1억원",
    "value": 113
  },
  {
    "text": "인천공항",
    "value": 113
  },
  {
    "text": "가맹점",
    "value": 113
  },
  {
    "text": "배민욱",
    "value": 113
  },
  {
    "text": "3분기까지",
    "value": 113
  },
  {
    "text": "리었다",
    "value": 113
  },
  {
    "text": "관련주",
    "value": 113
  },
  {
    "text": "국제유가",
    "value": 112
  },
  {
    "text": "이더리움",
    "value": 112
  },
  {
    "text": "아이디어",
    "value": 112
  },
  {
    "text": "우리금융그룹",
    "value": 112
  },
  {
    "text": "케이뱅크",
    "value": 112
  },
  {
    "text": "겠습니다",
    "value": 112
  },
  {
    "text": "대우조선해양",
    "value": 112
  },
  {
    "text": "11번",
    "value": 112
  },
  {
    "text": "한국부동산원",
    "value": 112
  },
  {
    "text": "트렌드",
    "value": 111
  },
  {
    "text": "송원영",
    "value": 111
  },
  {
    "text": "이건엄",
    "value": 111
  },
  {
    "text": "7개월",
    "value": 111
  },
  {
    "text": "OECD",
    "value": 111
  },
  {
    "text": "지자체",
    "value": 110
  },
  {
    "text": "호반건설",
    "value": 110
  },
  {
    "text": "권창회",
    "value": 110
  },
  {
    "text": "정상화",
    "value": 110
  },
  {
    "text": "금융그룹",
    "value": 109
  },
  {
    "text": "테이퍼링",
    "value": 109
  },
  {
    "text": "신한금융",
    "value": 109
  },
  {
    "text": "중기부",
    "value": 109
  },
  {
    "text": "김민석",
    "value": 109
  },
  {
    "text": "광저우",
    "value": 109
  },
  {
    "text": "안정적",
    "value": 109
  },
  {
    "text": "선진국",
    "value": 109
  },
  {
    "text": "SK케미칼",
    "value": 109
  },
  {
    "text": "ㄹ수록",
    "value": 109
  },
  {
    "text": "기후변화",
    "value": 108
  },
  {
    "text": "명예회장",
    "value": 108
  },
  {
    "text": "1주택자",
    "value": 108
  },
  {
    "text": "줄어들",
    "value": 108
  },
  {
    "text": "편집자주",
    "value": 108
  },
  {
    "text": "백동현",
    "value": 108
  },
  {
    "text": "ㄴ다고",
    "value": 108
  },
  {
    "text": "2019년",
    "value": 108
  },
  {
    "text": "겨울철",
    "value": 107
  },
  {
    "text": "파트너십",
    "value": 107
  },
  {
    "text": "이억원",
    "value": 107
  },
  {
    "text": "스토어",
    "value": 106
  },
  {
    "text": "강민지",
    "value": 106
  },
  {
    "text": "교보생명",
    "value": 106
  },
  {
    "text": "한화솔루션",
    "value": 106
  },
  {
    "text": "실적발표",
    "value": 106
  },
  {
    "text": "삼성전기",
    "value": 105
  },
  {
    "text": "현대엔지니어링",
    "value": 105
  },
  {
    "text": "씨티은행",
    "value": 104
  },
  {
    "text": "홍라희",
    "value": 104
  },
  {
    "text": "러시아",
    "value": 104
  },
  {
    "text": "광군제",
    "value": 103
  },
  {
    "text": "SSG닷컴",
    "value": 103
  },
  {
    "text": "PEF",
    "value": 103
  },
  {
    "text": "마켓인사이트",
    "value": 103
  },
  {
    "text": "블랙프라이데이",
    "value": 103
  },
  {
    "text": "연방준비제도",
    "value": 103
  },
  {
    "text": "한국남부발전",
    "value": 103
  },
  {
    "text": "전국적",
    "value": 102
  },
  {
    "text": "문승관",
    "value": 102
  },
  {
    "text": "전시회",
    "value": 102
  },
  {
    "text": "재생에너지",
    "value": 102
  },
  {
    "text": "완성차",
    "value": 102
  },
  {
    "text": "아ㄴ데",
    "value": 102
  },
  {
    "text": "성장률",
    "value": 102
  },
  {
    "text": "수익성",
    "value": 102
  },
  {
    "text": "일주일",
    "value": 102
  },
  {
    "text": "금융감독원장",
    "value": 101
  },
  {
    "text": "핀테크",
    "value": 101
  },
  {
    "text": "추가접종",
    "value": 101
  },
  {
    "text": "목소리",
    "value": 101
  },
  {
    "text": "G20",
    "value": 101
  },
  {
    "text": "다우존스",
    "value": 101
  },
  {
    "text": "인센티브",
    "value": 101
  },
  {
    "text": "전통시장",
    "value": 101
  },
  {
    "text": "2030",
    "value": 101
  },
  {
    "text": "AFP",
    "value": 101
  },
  {
    "text": "공인중개사",
    "value": 100
  },
  {
    "text": "페스티벌",
    "value": 100
  },
  {
    "text": "제작사",
    "value": 100
  },
  {
    "text": "김포공항",
    "value": 100
  },
  {
    "text": "불확실성",
    "value": 100
  },
  {
    "text": "서학개미",
    "value": 100
  },
  {
    "text": "소프트웨어",
    "value": 100
  },
  {
    "text": "매점매석",
    "value": 100
  },
  {
    "text": "페이스북",
    "value": 100
  },
  {
    "text": "클라우드",
    "value": 99
  },
  {
    "text": "ICT",
    "value": 99
  },
  {
    "text": "10조",
    "value": 99
  },
  {
    "text": "참석자들",
    "value": 99
  },
  {
    "text": "엇갈리",
    "value": 99
  },
  {
    "text": "김명원",
    "value": 99
  },
  {
    "text": "13년",
    "value": 99
  },
  {
    "text": "외환시장",
    "value": 99
  },
  {
    "text": "매수심리",
    "value": 99
  },
  {
    "text": "시그널",
    "value": 98
  },
  {
    "text": "10억원",
    "value": 98
  },
  {
    "text": "마스크",
    "value": 98
  },
  {
    "text": "Fed",
    "value": 98
  },
  {
    "text": "한국투자증권",
    "value": 98
  },
  {
    "text": "이커머스",
    "value": 98
  },
  {
    "text": "마감시황",
    "value": 98
  },
  {
    "text": "폴란드",
    "value": 98
  },
  {
    "text": "2분기",
    "value": 98
  },
  {
    "text": "연구개발",
    "value": 98
  },
  {
    "text": "전국민",
    "value": 98
  },
  {
    "text": "COVID",
    "value": 98
  },
  {
    "text": "떨어지",
    "value": 97
  },
  {
    "text": "디즈니",
    "value": 97
  },
  {
    "text": "쇼핑몰",
    "value": 97
  },
  {
    "text": "1시간",
    "value": 97
  },
  {
    "text": "온실가스",
    "value": 97
  },
  {
    "text": "두산그룹",
    "value": 97
  },
  {
    "text": "임혜숙",
    "value": 97
  },
  {
    "text": "휘발윳값",
    "value": 97
  },
  {
    "text": "CES",
    "value": 97
  },
  {
    "text": "홈플러스",
    "value": 97
  },
  {
    "text": "하이브",
    "value": 96
  },
  {
    "text": "그래픽",
    "value": 96
  },
  {
    "text": "기름값",
    "value": 96
  },
  {
    "text": "매매동향",
    "value": 96
  },
  {
    "text": "해인사",
    "value": 95
  },
  {
    "text": "아세안",
    "value": 95
  },
  {
    "text": "거래액",
    "value": 95
  },
  {
    "text": "인테리",
    "value": 95
  },
  {
    "text": "빅데이터",
    "value": 95
  },
  {
    "text": "현대제철",
    "value": 95
  },
  {
    "text": "아모레퍼시픽",
    "value": 95
  },
  {
    "text": "제7회",
    "value": 95
  },
  {
    "text": "천연가스",
    "value": 95
  },
  {
    "text": "금융자산",
    "value": 95
  },
  {
    "text": "인터뷰",
    "value": 95
  },
  {
    "text": "두나무",
    "value": 95
  },
  {
    "text": "두산중공업",
    "value": 95
  },
  {
    "text": "파트너",
    "value": 94
  },
  {
    "text": "박정규",
    "value": 94
  },
  {
    "text": "건설현장",
    "value": 94
  },
  {
    "text": "이건희",
    "value": 94
  },
  {
    "text": "2차전지",
    "value": 94
  },
  {
    "text": "협력사",
    "value": 94
  },
  {
    "text": "회복세",
    "value": 94
  },
  {
    "text": "LG디스플레",
    "value": 94
  },
  {
    "text": "USTR",
    "value": 94
  },
  {
    "text": "울산시",
    "value": 94
  },
  {
    "text": "보험사",
    "value": 93
  },
  {
    "text": "이영환",
    "value": 93
  },
  {
    "text": "운용사",
    "value": 93
  },
  {
    "text": "콘퍼런스",
    "value": 93
  },
  {
    "text": "매도세",
    "value": 93
  },
  {
    "text": "강서구",
    "value": 92
  },
  {
    "text": "ESG경영",
    "value": 92
  },
  {
    "text": "앵커멘트",
    "value": 92
  },
  {
    "text": "정용진",
    "value": 92
  },
  {
    "text": "개발자",
    "value": 92
  },
  {
    "text": "조태형",
    "value": 92
  },
  {
    "text": "후보지",
    "value": 92
  },
  {
    "text": "홈쇼핑",
    "value": 92
  },
  {
    "text": "포스코건설",
    "value": 92
  },
  {
    "text": "주식시장",
    "value": 91
  },
  {
    "text": "빅테크",
    "value": 91
  },
  {
    "text": "2018년",
    "value": 91
  },
  {
    "text": "자산운용",
    "value": 91
  },
  {
    "text": "위탁생산",
    "value": 91
  },
  {
    "text": "경계영",
    "value": 91
  },
  {
    "text": "안경덕",
    "value": 91
  },
  {
    "text": "무역액",
    "value": 90
  },
  {
    "text": "박진규",
    "value": 90
  },
  {
    "text": "관계자들",
    "value": 90
  },
  {
    "text": "핵심요약",
    "value": 90
  },
  {
    "text": "코세페",
    "value": 90
  },
  {
    "text": "품귀현상",
    "value": 90
  },
  {
    "text": "최대치",
    "value": 90
  },
  {
    "text": "바디프랜드",
    "value": 90
  },
  {
    "text": "이데일리TV",
    "value": 90
  },
  {
    "text": "한국농수산식품유통공사",
    "value": 90
  },
  {
    "text": "KOTRA",
    "value": 90
  },
  {
    "text": "SPC",
    "value": 90
  },
  {
    "text": "백서원",
    "value": 89
  },
  {
    "text": "박주성",
    "value": 89
  },
  {
    "text": "모친상",
    "value": 89
  },
  {
    "text": "LG이노텍",
    "value": 89
  },
  {
    "text": "중앙은행",
    "value": 88
  },
  {
    "text": "EV6",
    "value": 88
  },
  {
    "text": "롯데월드타워",
    "value": 88
  },
  {
    "text": "반려동물",
    "value": 88
  },
  {
    "text": "김헌동",
    "value": 88
  },
  {
    "text": "대통령의",
    "value": 88
  },
  {
    "text": "긍정적",
    "value": 88
  },
  {
    "text": "한국전력",
    "value": 88
  },
  {
    "text": "성남시",
    "value": 88
  },
  {
    "text": "1인당",
    "value": 88
  },
  {
    "text": "시리즈",
    "value": 88
  },
  {
    "text": "GSAT",
    "value": 88
  },
  {
    "text": "양극화",
    "value": 87
  },
  {
    "text": "코넥스",
    "value": 87
  },
  {
    "text": "10억",
    "value": 87
  },
  {
    "text": "미래에셋생명",
    "value": 87
  },
  {
    "text": "어서리ㄴ",
    "value": 87
  },
  {
    "text": "10대",
    "value": 87
  },
  {
    "text": "국민연금",
    "value": 87
  },
  {
    "text": "관계자",
    "value": 87
  },
  {
    "text": "대구시",
    "value": 87
  },
  {
    "text": "여신전문금융업계",
    "value": 87
  },
  {
    "text": "대신증권",
    "value": 87
  },
  {
    "text": "상위종목",
    "value": 86
  },
  {
    "text": "플라자",
    "value": 86
  },
  {
    "text": "삼성동",
    "value": 86
  },
  {
    "text": "COP26",
    "value": 86
  },
  {
    "text": "킨텍스",
    "value": 86
  },
  {
    "text": "100개",
    "value": 86
  },
  {
    "text": "세무조사",
    "value": 86
  },
  {
    "text": "OTT",
    "value": 86
  },
  {
    "text": "산업계",
    "value": 86
  },
  {
    "text": "보험료",
    "value": 86
  },
  {
    "text": "개발사",
    "value": 86
  },
  {
    "text": "이천시",
    "value": 86
  },
  {
    "text": "민영화",
    "value": 85
  },
  {
    "text": "힐스테이트",
    "value": 85
  },
  {
    "text": "이은정",
    "value": 85
  },
  {
    "text": "안정화",
    "value": 85
  },
  {
    "text": "000억",
    "value": 85
  },
  {
    "text": "바이오사이언스",
    "value": 85
  },
  {
    "text": "금융지주",
    "value": 85
  },
  {
    "text": "한국석유공사",
    "value": 84
  },
  {
    "text": "세계일류상품",
    "value": 84
  },
  {
    "text": "10시",
    "value": 84
  },
  {
    "text": "동시에",
    "value": 84
  },
  {
    "text": "키워드",
    "value": 84
  },
  {
    "text": "현대모비스",
    "value": 84
  },
  {
    "text": "삼성중공업",
    "value": 84
  },
  {
    "text": "대학수학능력시험",
    "value": 84
  },
  {
    "text": "LG생활건강",
    "value": 83
  },
  {
    "text": "김겨레",
    "value": 83
  },
  {
    "text": "의무화",
    "value": 83
  },
  {
    "text": "공공분양",
    "value": 83
  },
  {
    "text": "발전소",
    "value": 83
  },
  {
    "text": "중견기업인",
    "value": 83
  },
  {
    "text": "우리카드",
    "value": 83
  },
  {
    "text": "뛰어들",
    "value": 83
  },
  {
    "text": "챌린지",
    "value": 82
  },
  {
    "text": "양해각서",
    "value": 82
  },
  {
    "text": "조인영",
    "value": 82
  },
  {
    "text": "임원인사",
    "value": 82
  },
  {
    "text": "올댓차",
    "value": 82
  },
  {
    "text": "마포구",
    "value": 82
  },
  {
    "text": "다음주",
    "value": 82
  },
  {
    "text": "벤처기업",
    "value": 82
  },
  {
    "text": "이마트24",
    "value": 81
  },
  {
    "text": "애플리케이션",
    "value": 81
  },
  {
    "text": "토스뱅크",
    "value": 81
  },
  {
    "text": "김경택",
    "value": 81
  },
  {
    "text": "개막식",
    "value": 81
  },
  {
    "text": "대장주",
    "value": 81
  },
  {
    "text": "100억",
    "value": 81
  },
  {
    "text": "대표적",
    "value": 81
  },
  {
    "text": "1차관",
    "value": 81
  },
  {
    "text": "GDP",
    "value": 81
  },
  {
    "text": "2960",
    "value": 81
  },
  {
    "text": "소비자금융",
    "value": 81
  },
  {
    "text": "유동성",
    "value": 81
  },
  {
    "text": "부산항",
    "value": 81
  },
  {
    "text": "지난주",
    "value": 81
  },
  {
    "text": "현대중공업",
    "value": 81
  },
  {
    "text": "당분간",
    "value": 80
  },
  {
    "text": "대학생",
    "value": 80
  },
  {
    "text": "해외여행",
    "value": 80
  },
  {
    "text": "유진PE",
    "value": 80
  },
  {
    "text": "기부금",
    "value": 80
  },
  {
    "text": "설명회",
    "value": 80
  },
  {
    "text": "제5회",
    "value": 80
  },
  {
    "text": "그런데",
    "value": 80
  },
  {
    "text": "1000억원",
    "value": 80
  },
  {
    "text": "액화천연가스",
    "value": 80
  },
  {
    "text": "2050년",
    "value": 80
  },
  {
    "text": "옥승욱",
    "value": 79
  },
  {
    "text": "경영위원회",
    "value": 79
  },
  {
    "text": "주택분",
    "value": 79
  },
  {
    "text": "올리브영",
    "value": 79
  },
  {
    "text": "이용자",
    "value": 79
  },
  {
    "text": "주택시장",
    "value": 79
  },
  {
    "text": "재활용",
    "value": 79
  },
  {
    "text": "DGB",
    "value": 79
  },
  {
    "text": "3000선",
    "value": 79
  },
  {
    "text": "어워즈",
    "value": 79
  },
  {
    "text": "롯데그룹",
    "value": 79
  },
  {
    "text": "둘러싸",
    "value": 79
  },
  {
    "text": "전동화",
    "value": 79
  },
  {
    "text": "롯데온",
    "value": 79
  },
  {
    "text": "윤정훈",
    "value": 79
  },
  {
    "text": "관세청",
    "value": 79
  },
  {
    "text": "컨소시엄",
    "value": 79
  },
  {
    "text": "BMW",
    "value": 78
  },
  {
    "text": "친환경차",
    "value": 78
  },
  {
    "text": "경제적",
    "value": 78
  },
  {
    "text": "9개월",
    "value": 78
  },
  {
    "text": "알비더블유",
    "value": 78
  },
  {
    "text": "개인정보",
    "value": 78
  },
  {
    "text": "연말정산",
    "value": 78
  },
  {
    "text": "공급계약",
    "value": 78
  },
  {
    "text": "수산물",
    "value": 78
  },
  {
    "text": "제일은행",
    "value": 78
  },
  {
    "text": "미래에셋",
    "value": 78
  },
  {
    "text": "롯데면세점",
    "value": 78
  },
  {
    "text": "100억원",
    "value": 77
  },
  {
    "text": "얼마나",
    "value": 77
  },
  {
    "text": "시진핑",
    "value": 77
  },
  {
    "text": "의존도",
    "value": 77
  },
  {
    "text": "김윤지",
    "value": 77
  },
  {
    "text": "1000",
    "value": 77
  },
  {
    "text": "상용화",
    "value": 77
  },
  {
    "text": "삼성생명",
    "value": 77
  },
  {
    "text": "기념촬영",
    "value": 77
  },
  {
    "text": "for",
    "value": 77
  },
  {
    "text": "경제계",
    "value": 77
  },
  {
    "text": "롯데마트",
    "value": 77
  },
  {
    "text": "이홍석",
    "value": 77
  },
  {
    "text": "분할상환",
    "value": 77
  },
  {
    "text": "제1회",
    "value": 77
  },
  {
    "text": "으로는",
    "value": 77
  },
  {
    "text": "20년",
    "value": 76
  },
  {
    "text": "지스타",
    "value": 76
  },
  {
    "text": "오세훈",
    "value": 76
  },
  {
    "text": "손해보험",
    "value": 76
  },
  {
    "text": "3년물",
    "value": 76
  },
  {
    "text": "증권사들",
    "value": 76
  },
  {
    "text": "Korea",
    "value": 76
  },
  {
    "text": "지리산",
    "value": 76
  },
  {
    "text": "가입자",
    "value": 76
  },
  {
    "text": "빙그레",
    "value": 76
  },
  {
    "text": "보험금",
    "value": 76
  },
  {
    "text": "유전자",
    "value": 75
  },
  {
    "text": "앞세우",
    "value": 75
  },
  {
    "text": "삼성카드",
    "value": 75
  },
  {
    "text": "23년",
    "value": 75
  },
  {
    "text": "농업인",
    "value": 75
  },
  {
    "text": "10조원",
    "value": 75
  },
  {
    "text": "막걸리",
    "value": 75
  },
  {
    "text": "렉키로",
    "value": 75
  },
  {
    "text": "순자산",
    "value": 75
  },
  {
    "text": "5개월",
    "value": 75
  },
  {
    "text": "BBQ",
    "value": 75
  },
  {
    "text": "bhc",
    "value": 75
  },
  {
    "text": "었다가",
    "value": 75
  },
  {
    "text": "신용카드",
    "value": 75
  },
  {
    "text": "The",
    "value": 74
  },
  {
    "text": "나란히",
    "value": 74
  },
  {
    "text": "지속적",
    "value": 74
  },
  {
    "text": "민주당",
    "value": 74
  },
  {
    "text": "불가피",
    "value": 74
  },
  {
    "text": "이윤정",
    "value": 74
  },
  {
    "text": "김소연",
    "value": 74
  },
  {
    "text": "1세대",
    "value": 74
  },
  {
    "text": "네덜란드",
    "value": 74
  },
  {
    "text": "방역당국",
    "value": 74
  },
  {
    "text": "롯데건설",
    "value": 74
  },
  {
    "text": "현대중공업그룹",
    "value": 74
  },
  {
    "text": "노동자",
    "value": 74
  },
  {
    "text": "성적표",
    "value": 74
  },
  {
    "text": "이틀간",
    "value": 73
  },
  {
    "text": "1조달러",
    "value": 73
  },
  {
    "text": "유럽연합",
    "value": 73
  },
  {
    "text": "박주연",
    "value": 73
  },
  {
    "text": "공산당",
    "value": 73
  },
  {
    "text": "물류센터",
    "value": 73
  },
  {
    "text": "금융투자협회",
    "value": 73
  },
  {
    "text": "프레스센터",
    "value": 73
  },
  {
    "text": "콘서트",
    "value": 73
  },
  {
    "text": "양도세",
    "value": 73
  },
  {
    "text": "대회의실",
    "value": 73
  },
  {
    "text": "운영자금",
    "value": 73
  },
  {
    "text": "창원시",
    "value": 73
  },
  {
    "text": "넷마블",
    "value": 73
  },
  {
    "text": "12년",
    "value": 73
  },
  {
    "text": "구현모",
    "value": 73
  },
  {
    "text": "관광객",
    "value": 72
  },
  {
    "text": "아시아양궁연맹",
    "value": 72
  },
  {
    "text": "경구용",
    "value": 72
  },
  {
    "text": "LG엔솔",
    "value": 72
  },
  {
    "text": "일반청약",
    "value": 72
  },
  {
    "text": "세대교체",
    "value": 72
  },
  {
    "text": "강경래",
    "value": 72
  },
  {
    "text": "이재현",
    "value": 72
  },
  {
    "text": "민경석",
    "value": 72
  },
  {
    "text": "최희정",
    "value": 72
  },
  {
    "text": "견본주택",
    "value": 72
  },
  {
    "text": "최고가",
    "value": 72
  },
  {
    "text": "가속화",
    "value": 72
  },
  {
    "text": "안내문",
    "value": 72
  },
  {
    "text": "요기요",
    "value": 72
  },
  {
    "text": "KRX",
    "value": 72
  },
  {
    "text": "거래대금",
    "value": 72
  },
  {
    "text": "급등세",
    "value": 72
  },
  {
    "text": "구광모",
    "value": 71
  },
  {
    "text": "협약식",
    "value": 71
  },
  {
    "text": "스포츠서울",
    "value": 71
  },
  {
    "text": "미래에셋그룹",
    "value": 71
  },
  {
    "text": "사업장",
    "value": 71
  },
  {
    "text": "광화문",
    "value": 71
  },
  {
    "text": "소공동",
    "value": 71
  },
  {
    "text": "제대로",
    "value": 71
  },
  {
    "text": "오름세",
    "value": 71
  },
  {
    "text": "차별화",
    "value": 70
  },
  {
    "text": "사무총장",
    "value": 70
  },
  {
    "text": "신세계푸드",
    "value": 70
  },
  {
    "text": "삼성화재",
    "value": 70
  },
  {
    "text": "우수기업",
    "value": 70
  },
  {
    "text": "생활가전",
    "value": 70
  },
  {
    "text": "4개월",
    "value": 70
  },
  {
    "text": "이틀째",
    "value": 70
  },
  {
    "text": "문창석",
    "value": 70
  },
  {
    "text": "2020년",
    "value": 70
  },
  {
    "text": "한국공항공사",
    "value": 70
  },
  {
    "text": "부광우",
    "value": 70
  },
  {
    "text": "박스권",
    "value": 70
  },
  {
    "text": "SK에코플랜트",
    "value": 70
  },
  {
    "text": "전문가",
    "value": 70
  },
  {
    "text": "롯데쇼핑",
    "value": 70
  },
  {
    "text": "물가상승",
    "value": 70
  },
  {
    "text": "마켓컬리",
    "value": 70
  },
  {
    "text": "위드코로나",
    "value": 70
  },
  {
    "text": "일시적",
    "value": 70
  },
  {
    "text": "FTA",
    "value": 70
  },
  {
    "text": "고속도로",
    "value": 70
  },
  {
    "text": "백악관",
    "value": 70
  },
  {
    "text": "FDA",
    "value": 70
  },
  {
    "text": "생산업체",
    "value": 70
  },
  {
    "text": "준공식",
    "value": 70
  },
  {
    "text": "금감원장",
    "value": 69
  },
  {
    "text": "럭셔리",
    "value": 69
  },
  {
    "text": "내세우",
    "value": 69
  },
  {
    "text": "한국경영자총협회",
    "value": 69
  },
  {
    "text": "아이스크림",
    "value": 69
  },
  {
    "text": "항공기",
    "value": 69
  },
  {
    "text": "하이트진",
    "value": 69
  },
  {
    "text": "20주년",
    "value": 69
  },
  {
    "text": "라이브",
    "value": 69
  },
  {
    "text": "보건복지부",
    "value": 69
  }
]
